{
  "generator-jhipster": {
    "applicationType": "monolith",
    "gitCompany": "",
    "baseName": "jhipsterSampleApplication",
    "packageName": "com.mycompany.myapp",
    "packageFolder": "com/mycompany/myapp",
    "serverPort": 8080,
    "serviceDiscoveryType": false,
    "authenticationType": "jwt",
    "cacheProvider": "ehcache",
    "enableHibernateCache": true,
    "websocket": false,
    "databaseType": "sql",
    "devDatabaseType": "mysql",
    "prodDatabaseType": "mysql",
    "searchEngine": false,
    "enableSwaggerCodegen": false,
    "messageBroker": false,
    "buildTool": "maven",
    "useSass": true,
    "clientPackageManager": "npm",
    "testFrameworks": [],
    "enableTranslation": false,
    "nativeLanguage": "en",
    "languages": ["en"],
    "clientFramework": "react",
    "jhiPrefix": "jhi",
    "withAdminUi": true,
    "jhipsterVersion": "7.4.0",
    "skipUserManagement": false,
    "skipCheckLengthOfIdentifier": false,
    "skipFakeData": false,
    "entitySuffix": "",
    "dtoSuffix": "DTO",
    "blueprints": [],
    "otherModules": [],
    "pages": [],
    "creationTimestamp": 1640421768005,
    "jwtSecretKey": "NDgxOTNiZDU0YjFhMGMxZjViYmM3YWNhYTAyZmU5MzBhNWI4Mzc1MDAyMGQ5YzQ2ZTdiM2JiMmRkYjI5MzVjMzczZTJlZWM0NzQ5NTM1ZjkwODIwNzhiMTI5ODQ5YjZmMTM2YzhkZThlZWY5NWYwMGQ2OTYzZGJjZWVmMDNkYTA=",
    "devServerPort": 9060,
    "clientTheme": "none",
    "clientThemeVariant": "",
    "reactive": false,
    "enableGradleEnterprise": false
  }
}
